City_ID,City,Country,Lat,Lng,Max Temp,Humidity,Cloudiness,Wind Speed,Current Description
0,Fontanka,UA,46.5626,30.8607,45.72,80,93,16.55,overcast clouds
1,Ginda,IN,30.6945,78.4932,52.95,36,1,7.94,clear sky
2,Bambous Virieux,MU,-20.3428,57.7575,77.22,100,75,11.5,shower rain
3,Manjeshwar,IN,12.7194,74.8861,76.15,83,52,4.79,broken clouds
4,Punta Arenas,CL,-53.15,-70.9167,46.51,76,40,13.8,scattered clouds
5,Jamestown,US,42.097,-79.2353,40.51,52,100,8.05,overcast clouds
6,Bredasdorp,ZA,-34.5322,20.0403,55.98,81,0,6.76,clear sky
7,Milove,UA,49.3787,40.1302,48.33,74,100,9.91,overcast clouds
8,Yeppoon,AU,-23.1333,150.7333,78.58,61,2,11.48,clear sky
9,Upernavik,GL,72.7868,-56.1549,-13.04,99,35,9.24,scattered clouds
10,Albany,US,42.6001,-73.9662,39.56,91,100,5.23,overcast clouds
11,Hobart,AU,-42.8794,147.3294,69.66,70,0,10.36,moderate rain
12,East London,ZA,-33.0153,27.9116,62.06,77,100,6.78,overcast clouds
13,Mahebourg,MU,-20.4081,57.7,77.25,100,75,11.5,shower rain
14,Lakes Entrance,AU,-37.8811,147.981,69.21,53,34,5.48,scattered clouds
15,Diffa,NE,13.3154,12.6113,87.37,31,20,6.87,few clouds
16,Ypsonas,CY,34.6884,32.9574,66.27,82,0,3.44,clear sky
17,Nemuro,JP,43.3236,145.575,38.61,69,4,12.15,clear sky
18,Alice Town,BS,25.7167,-79.3,78.49,69,2,16.93,clear sky
19,Carnarvon,AU,-24.8667,113.6333,73.47,78,100,14.97,overcast clouds
20,Kavaratti,IN,10.5669,72.642,83.66,73,24,6.06,few clouds
21,Saint George,US,37.1041,-113.5841,76.24,14,0,26.46,clear sky
22,Mataura,NZ,-46.1927,168.8643,53.47,54,70,5.01,broken clouds
23,Brekstad,NO,63.687,9.6654,41.0,87,0,6.91,clear sky
24,Vaini,TO,-21.2,-175.2,84.36,79,75,8.05,broken clouds
25,Hualmay,PE,-11.0964,-77.6139,67.06,83,93,10.71,overcast clouds
26,Hilo,US,19.7297,-155.09,74.28,88,100,10.0,moderate rain
27,Bluff,NZ,-46.6,168.3333,53.8,61,88,6.55,overcast clouds
28,Majene,ID,-3.5403,118.9707,77.23,87,85,5.53,overcast clouds
29,Cape Town,ZA,-33.9258,18.4232,60.91,72,0,11.99,clear sky
30,Chokwe,MZ,-24.5333,32.9833,64.83,97,100,11.74,light rain
31,Pirogovo,RU,56.7796,53.1495,30.65,81,86,4.65,overcast clouds
32,Qaanaaq,GL,77.484,-69.3632,-16.87,74,16,6.31,few clouds
33,Ust-Barguzin,RU,53.45,108.9833,33.51,84,100,1.52,overcast clouds
34,Airai,TL,-8.9266,125.4092,68.18,74,53,2.28,broken clouds
35,Saskylakh,RU,71.9167,114.0833,16.14,93,99,17.83,overcast clouds
36,Saintes,FR,45.6667,-0.75,55.15,88,0,8.77,clear sky
37,Codrington,AU,-38.2667,141.9667,73.99,36,100,22.79,overcast clouds
38,Paita,PE,-5.0892,-81.1144,69.6,78,43,18.12,scattered clouds
39,Rawson,AR,-43.3002,-65.1023,55.36,66,0,9.75,clear sky
40,Sozopol,BG,42.4167,27.7,59.34,71,99,5.95,overcast clouds
41,Yellowknife,CA,62.456,-114.3525,14.56,47,81,8.01,broken clouds
42,Umred,IN,20.85,79.3333,77.29,30,0,6.35,clear sky
43,Vaideeni,RO,45.1667,23.9333,46.83,88,83,4.41,broken clouds
44,Port Elizabeth,ZA,-33.918,25.5701,62.31,87,99,4.0,overcast clouds
45,Ushuaia,AR,-54.8,-68.3,38.86,70,0,8.05,clear sky
46,Catamarca,AR,-28.4696,-65.7852,62.58,66,28,5.91,scattered clouds
47,Torbay,CA,47.6666,-52.7314,46.38,56,40,28.77,scattered clouds
48,Kirakira,SB,-10.4544,161.9205,85.5,63,84,5.86,broken clouds
49,Zhigansk,RU,66.7697,123.3711,7.68,98,90,11.99,overcast clouds
50,Kyzyl-Suu,KG,42.3414,78.0056,47.05,40,3,9.01,clear sky
51,Alamos,MX,27.0167,-108.9333,89.29,6,100,6.49,overcast clouds
52,Hermanus,ZA,-34.4187,19.2345,57.79,79,3,15.35,clear sky
53,La Ronge,CA,55.1001,-105.2842,34.05,40,100,8.05,overcast clouds
54,Gladstone,AU,-23.85,151.25,78.73,44,0,14.97,clear sky
55,Necochea,AR,-38.5473,-58.7368,58.26,74,63,4.61,broken clouds
56,Port Blair,IN,11.6667,92.75,77.04,94,20,2.3,few clouds
57,Galle,LK,6.0367,80.217,80.71,80,59,5.1,broken clouds
58,Kloulklubed,PW,7.0419,134.2556,82.27,73,49,1.52,scattered clouds
59,Adrar,MR,20.5022,-10.0711,78.66,14,0,12.03,clear sky
60,Mayo,US,38.8876,-76.5119,68.88,85,75,6.91,thunderstorm
61,Cherskiy,RU,68.75,161.3,21.04,90,100,11.72,overcast clouds
62,Pevek,RU,69.7008,170.3133,7.38,90,100,7.23,overcast clouds
63,Katsuura,JP,35.1333,140.3,58.15,58,98,11.48,overcast clouds
64,San Policarpo,PH,12.1791,125.5072,80.85,79,77,7.83,broken clouds
65,Kaitangata,NZ,-46.2817,169.8464,53.96,56,81,7.7,broken clouds
66,Vila Franca Do Campo,PT,37.7167,-25.4333,61.21,90,100,7.61,overcast clouds
67,Hay River,CA,60.8156,-115.7999,10.38,61,75,12.66,broken clouds
68,Barrow,US,71.2906,-156.7887,8.62,72,0,20.71,clear sky
69,Bershet,RU,57.7309,56.3783,29.46,91,88,2.28,overcast clouds
70,Sao Filipe,CV,14.8961,-24.4956,70.79,79,43,7.65,scattered clouds
71,Nanortalik,GL,60.1432,-45.2371,29.19,85,24,10.2,few clouds
72,Bairiki,KI,1.3292,172.9752,81.0,78,28,12.86,scattered clouds
73,Lamont,US,35.2597,-118.9143,73.67,41,45,12.59,scattered clouds
74,Puerto Ayora,EC,-0.7393,-90.3518,75.94,88,55,7.23,broken clouds
75,Kruisfontein,ZA,-34.0033,24.7314,58.89,87,97,3.4,overcast clouds
76,Pacific Grove,US,36.6177,-121.9166,63.01,76,100,11.5,overcast clouds
77,Goderich,CA,43.7501,-81.7165,33.91,74,69,9.22,broken clouds
78,Tukrah,LY,32.5341,20.5791,61.79,90,89,5.5,overcast clouds
79,Udachnyy,RU,66.4167,112.4,28.45,92,100,18.28,light snow
80,Bibiani,GH,6.4635,-2.3194,71.47,99,100,2.17,overcast clouds
81,Bengkulu,ID,-3.8004,102.2655,78.22,82,100,3.09,overcast clouds
82,Yuanping,CN,38.7153,112.7575,53.51,21,96,0.51,overcast clouds
83,Kapaa,US,22.0752,-159.319,80.58,95,75,21.85,moderate rain
84,Maumere,ID,-8.6199,122.2111,82.72,76,93,3.15,overcast clouds
85,Puerto Maldonado,PE,-12.6,-69.1833,75.6,88,75,0.0,broken clouds
86,Boa Vista,BR,2.8197,-60.6733,80.58,74,40,10.36,scattered clouds
87,Rikitea,PF,-23.1203,-134.9692,78.64,70,35,13.56,light rain
88,Harper,LR,4.375,-7.7169,78.24,86,95,4.38,moderate rain
89,Constitucion,CL,-35.3333,-72.4167,53.06,84,3,7.23,clear sky
90,Castro,BR,-24.7911,-50.0119,52.32,88,0,4.43,clear sky
91,Luwuk,ID,-0.9516,122.7875,81.73,82,97,2.73,overcast clouds
92,Prince Rupert,CA,54.3161,-130.3201,48.29,49,0,11.5,clear sky
93,Arraial Do Cabo,BR,-22.9661,-42.0278,73.29,68,1,14.23,clear sky
94,Busselton,AU,-33.65,115.3333,59.2,64,22,9.17,few clouds
95,Basirhat,IN,22.6685,88.8697,80.58,90,49,11.9,scattered clouds
96,Methoni,GR,36.8197,21.7049,64.26,64,89,2.98,overcast clouds
97,Iwanai,JP,42.9744,140.5089,50.74,60,99,11.03,overcast clouds
98,Lorengau,PG,-2.0226,147.2712,84.63,71,32,5.57,scattered clouds
99,Nuuk,GL,64.1835,-51.7216,25.41,68,20,10.36,few clouds
100,Mecca,SA,21.4267,39.8261,80.69,36,0,2.08,clear sky
101,Valmiera,LV,57.5411,25.4275,29.41,83,56,4.18,broken clouds
102,Sitka,US,57.0531,-135.33,46.29,53,0,6.91,clear sky
103,Pacifica,US,37.6138,-122.4869,64.44,71,20,14.97,few clouds
104,Tofield,CA,53.3668,-112.6686,32.38,42,100,8.3,overcast clouds
105,Port Alfred,ZA,-33.5906,26.891,60.19,92,100,10.07,overcast clouds
106,Nalut,LY,30.3333,10.85,55.06,68,27,8.39,scattered clouds
107,Vestmannaeyjar,IS,63.4427,-20.2734,46.69,94,100,15.41,light rain
108,Padang,ID,-0.9492,100.3543,77.05,83,83,3.78,broken clouds
109,Iquique,CL,-20.2208,-70.1431,62.92,79,25,4.56,scattered clouds
110,Sur,OM,22.5667,59.5289,85.96,39,8,4.85,clear sky
111,Luau,AO,-10.7073,22.2247,64.29,97,100,2.64,overcast clouds
112,Mgandu,TZ,-5.95,34.1333,57.81,98,100,4.18,overcast clouds
113,Champerico,GT,14.3,-91.9167,85.19,65,24,11.92,few clouds
114,Aksarka,RU,66.5606,67.7975,3.4,96,100,1.48,overcast clouds
115,Longyearbyen,SJ,78.2186,15.6401,21.04,73,75,5.75,broken clouds
116,Salalah,OM,17.0151,54.0924,80.69,89,20,3.44,few clouds
117,Yakeshi,CN,49.2833,120.7333,34.86,31,16,8.23,few clouds
118,Port Hardy,CA,50.6996,-127.4199,50.18,53,40,11.5,scattered clouds
119,Mairang,IN,25.5667,91.6333,57.76,81,9,6.71,clear sky
120,Geraldton,AU,-28.7667,114.6,66.61,77,98,12.66,overcast clouds
121,Solvychegodsk,RU,61.3305,46.9156,20.61,99,29,1.86,scattered clouds
122,Bethel,US,41.3712,-73.414,50.49,83,100,10.36,overcast clouds
123,Kurchum,KZ,48.5722,83.6542,43.75,31,0,5.06,clear sky
124,Sao Joao Da Barra,BR,-21.6403,-41.0511,70.45,73,57,11.56,broken clouds
125,Devanhalli,IN,13.2325,77.6992,69.85,100,40,1.14,mist
126,Kharitonovo,RU,61.4009,47.4978,20.88,99,33,1.61,scattered clouds
127,Eenhana,NA,-17.4667,16.3333,67.95,81,98,5.35,overcast clouds
128,Port Macquarie,AU,-31.4333,152.9167,69.89,72,47,6.06,scattered clouds
129,Menongue,AO,-14.6585,17.691,61.61,96,99,2.98,overcast clouds
130,Dikson,RU,73.5069,80.5464,6.22,95,100,15.01,overcast clouds
131,Maralal,KE,1.0968,36.698,62.13,77,100,1.32,overcast clouds
132,Shimoda,JP,34.6667,138.95,57.56,75,100,10.02,overcast clouds
133,Broken Hill,AU,-31.95,141.4333,76.91,29,0,21.18,clear sky
134,Auki,SB,-8.7676,160.7034,85.51,65,85,1.95,overcast clouds
135,Severo-Kurilsk,RU,50.6789,156.125,32.09,76,100,8.14,overcast clouds
136,Golkoy,TR,40.6875,37.6178,33.21,57,36,6.64,scattered clouds
137,Georgetown,MY,5.4112,100.3354,80.53,93,20,3.44,few clouds
138,Lasa,IT,46.6166,10.7002,43.68,80,33,7.05,scattered clouds
139,Kintampo,GH,8.0563,-1.7306,75.9,68,98,4.09,overcast clouds
140,Standerton,ZA,-26.9337,29.2415,50.61,95,100,4.83,overcast clouds
141,Illapel,CL,-31.6308,-71.1653,63.91,63,0,1.63,clear sky
142,Miranda,CO,3.2499,-76.2281,71.73,96,100,2.26,moderate rain
143,Hailar,CN,49.2,119.7,35.47,36,89,7.65,overcast clouds
144,Cabo San Lucas,MX,22.8909,-109.9124,87.62,44,100,10.18,overcast clouds
145,Atuona,PF,-9.8,-139.0333,79.56,78,30,16.55,scattered clouds
146,Ribeira Grande,PT,38.5167,-28.7,60.04,78,10,16.98,clear sky
147,Ballina,AU,-28.8667,153.5667,69.98,88,75,8.05,broken clouds
148,Rumoi,JP,43.9344,141.6428,48.47,56,92,14.0,overcast clouds
149,Asfi,MA,32.2994,-9.2372,66.54,57,81,13.47,broken clouds
150,Khatanga,RU,71.9667,102.5,18.19,96,98,6.38,overcast clouds
151,Maniitsoq,GL,65.4167,-52.9,20.97,69,22,10.67,few clouds
152,Guozhen,CN,34.3659,107.359,48.74,79,100,3.96,overcast clouds
153,Esperance,AU,-33.8667,121.9,60.64,71,72,14.18,broken clouds
154,Avera,US,33.194,-82.5271,66.25,90,100,1.1,overcast clouds
155,Cidreira,BR,-30.1811,-50.2056,65.79,74,99,7.52,overcast clouds
156,Clyde River,CA,70.4692,-68.5914,-9.17,77,100,4.61,light snow
157,Coolum Beach,AU,-26.5333,153.1,72.1,81,33,11.56,scattered clouds
158,Saldanha,ZA,-33.0117,17.9442,59.05,64,0,11.43,clear sky
159,Juegang,CN,32.3174,121.1855,56.91,48,31,1.21,scattered clouds
160,Colac,AU,-38.3333,143.5833,71.17,40,98,13.98,overcast clouds
161,Gat,IL,31.61,34.7642,67.41,36,44,4.41,scattered clouds
162,New Norfolk,AU,-42.7826,147.0587,69.3,66,100,1.99,overcast clouds
163,Talnakh,RU,69.4865,88.3972,15.42,94,100,13.18,overcast clouds
164,Aanekoski,FI,62.6946,25.818,26.85,69,41,3.4,scattered clouds
165,Bourail,NC,-21.5667,165.4833,79.72,63,3,6.64,clear sky
166,Bowen,AU,-20.0167,148.2333,79.9,55,30,14.45,scattered clouds
167,El Sauzal,MX,31.9,-116.6833,63.41,75,0,16.35,clear sky
168,Ancud,CL,-41.8697,-73.8203,56.23,87,5,3.2,clear sky
169,Yining,CN,29.0361,114.5636,54.05,79,91,0.78,overcast clouds
170,Pogranichnyy,RU,44.4064,131.3769,49.41,26,31,6.6,scattered clouds
171,Tuatapere,NZ,-46.1333,167.6833,54.18,58,80,3.47,broken clouds
172,Muros,ES,42.7762,-9.0603,54.68,89,87,6.71,overcast clouds
173,Yatou,CN,37.15,122.3833,59.07,31,0,10.2,clear sky
174,Lebu,CL,-37.6167,-73.65,53.4,92,27,10.09,scattered clouds
175,Tongchuan,CN,35.0806,109.0897,47.61,64,100,3.76,overcast clouds
176,Tuktoyaktuk,CA,69.4541,-133.0374,3.2,66,75,4.61,broken clouds
177,Butaritari,KI,3.0707,172.7902,81.61,77,44,12.37,scattered clouds
178,Cayenne,GF,4.9333,-52.3333,81.09,1,75,7.0,broken clouds
179,Saint-Philippe,RE,-21.3585,55.7679,76.59,79,50,10.83,scattered clouds
180,Miles City,US,46.4083,-105.8406,34.77,60,75,17.27,broken clouds
181,Baykit,RU,61.67,96.37,38.55,98,100,4.45,overcast clouds
182,Marawi,PH,7.9986,124.2928,73.06,83,39,0.74,scattered clouds
183,Sault Sainte Marie,CA,46.5168,-84.3333,26.89,70,100,17.27,overcast clouds
184,San Francisco,US,37.7749,-122.4194,66.51,67,20,21.99,few clouds
185,Ostersund,SE,63.1792,14.6357,37.85,75,81,5.75,broken clouds
186,Tiksi,RU,71.6872,128.8694,-0.6,94,75,5.53,broken clouds
187,Faya,SA,18.3851,42.4509,64.51,44,2,5.57,clear sky
188,Bac Lieu,VN,9.285,105.7244,81.91,74,7,9.22,clear sky
189,Manoel Urbano,BR,-8.8389,-69.2597,74.3,88,83,1.1,broken clouds
190,Tonekabon,IR,36.8163,50.8738,53.55,75,76,3.0,broken clouds
191,Okha,RU,53.5739,142.9478,30.72,79,100,10.87,overcast clouds
192,Souillac,MU,-20.5167,57.5167,75.58,100,75,11.5,shower rain
193,Estevan,CA,49.1334,-102.9842,23.34,63,0,10.36,clear sky
194,Thompson,CA,55.7435,-97.8558,26.76,36,75,3.44,broken clouds
195,Tateyama,JP,34.9833,139.8667,57.09,61,100,11.23,heavy intensity rain
196,Iquitos,PE,-3.7481,-73.2472,77.04,94,75,6.91,broken clouds
197,Tefe,BR,-3.3542,-64.7114,74.61,96,97,2.13,overcast clouds
198,Aklavik,CA,68.2191,-135.0107,14.65,75,17,12.91,few clouds
199,Lompoc,US,34.6391,-120.4579,70.02,71,20,15.01,few clouds
200,Najran,SA,17.4924,44.1277,81.25,25,45,4.07,scattered clouds
201,Suez,EG,29.9737,32.5263,70.29,17,19,2.06,few clouds
202,Amahai,ID,-3.3333,128.9167,83.77,70,91,2.37,overcast clouds
203,Astoria,US,46.1879,-123.8313,48.94,68,40,12.66,scattered clouds
204,Shakhtinsk,KZ,49.71,72.5872,53.83,30,100,5.77,overcast clouds
205,Tevaitoa,PF,-16.7833,-151.5,81.23,73,8,12.03,clear sky
206,Kanigoro,ID,-8.13,112.219,77.54,84,88,2.28,light rain
207,Mbini,GQ,1.574,9.6134,78.67,85,99,3.62,overcast clouds
208,Corning,US,42.1428,-77.0547,43.21,81,75,6.91,broken clouds
209,Thinadhoo,MV,0.5333,72.9333,83.43,68,53,8.79,broken clouds
210,Port Said,EG,31.2565,32.2841,64.38,82,0,12.66,clear sky
211,Ambunti,PG,-4.2365,142.8448,84.74,73,77,1.43,broken clouds
212,Svetlogorsk,BY,52.6333,29.7333,34.38,96,100,13.13,overcast clouds
213,Entre Rios,BR,-11.9419,-38.0844,73.38,97,43,3.85,scattered clouds
214,Ayni,TJ,39.3941,68.5377,60.42,59,100,3.78,overcast clouds
215,Scottsboro,US,34.6723,-86.0341,68.09,100,0,0.0,clear sky
216,Poya,NC,-21.35,165.15,80.71,64,3,6.87,clear sky
217,Ossora,RU,59.2353,163.0719,30.18,73,100,4.23,overcast clouds
218,Hafizabad,PK,32.0679,73.6854,73.4,35,42,5.86,scattered clouds
219,Donetsk,UA,48.0,37.8,47.14,74,100,5.88,overcast clouds
220,Bozuyuk,TR,39.9078,30.0367,52.34,60,47,3.85,scattered clouds
221,Comodoro Rivadavia,AR,-45.8667,-67.5,55.26,71,0,11.5,clear sky
222,Lavrentiya,RU,65.5833,-171.0,30.45,94,99,10.09,light snow
223,Ilulissat,GL,69.2167,-51.1,-5.49,93,9,5.23,clear sky
224,Boyolangu,ID,-8.1181,111.8935,78.69,84,85,0.6,overcast clouds
225,Chokurdakh,RU,70.6333,147.9167,2.64,92,88,2.66,overcast clouds
226,Ulu-Telyak,RU,54.9086,56.9669,28.2,91,54,2.06,broken clouds
227,Batemans Bay,AU,-35.7167,150.1833,67.1,55,9,5.88,clear sky
228,Dzaoudzi,YT,-12.7887,45.2699,82.29,83,0,11.5,clear sky
229,Beringovskiy,RU,63.05,179.3167,31.64,98,100,19.22,snow
230,Ahipara,NZ,-35.1667,173.1667,68.4,69,100,15.48,overcast clouds
231,Chernyshevsk,RU,52.5243,117.0174,32.41,43,87,2.89,overcast clouds
232,Rajapur,IN,25.3833,81.15,82.94,15,0,4.34,clear sky
233,Noumea,NC,-22.2763,166.4572,82.99,99,0,10.8,clear sky
234,Husavik,IS,66.0449,-17.3389,42.31,86,100,11.95,overcast clouds
235,Beloha,MG,-25.1667,45.05,72.3,94,21,7.61,few clouds
236,Intipuca,SV,13.1969,-88.0544,82.83,70,78,8.08,broken clouds
237,Cockburn Town,TC,21.4612,-71.1419,77.56,84,99,23.04,overcast clouds
238,Bossangoa,CF,6.4926,17.4552,76.46,63,36,2.39,scattered clouds
239,Anadyr,RU,64.75,177.4833,34.3,74,40,8.95,scattered clouds
240,Gwadar,PK,25.1216,62.3254,81.05,71,14,8.5,few clouds
241,Garden City,US,42.3256,-83.331,39.88,58,75,20.71,broken clouds
242,Katobu,ID,-4.9408,122.5276,80.71,85,82,2.71,broken clouds
243,Russell,US,32.3502,-85.1999,69.4,88,75,3.44,light rain
244,Kyra,RU,49.5776,111.9753,37.98,56,50,4.63,scattered clouds
245,Mansa,IN,29.9833,75.3833,77.94,19,18,5.91,few clouds
246,Rodrigues Alves,BR,-7.738,-72.6509,73.72,92,27,1.39,scattered clouds
247,Bulri,PK,24.8667,68.3333,78.37,86,33,14.74,scattered clouds
248,Jalu,LY,29.0331,21.5482,71.94,34,66,14.97,broken clouds
249,Kirksville,US,40.1948,-92.5833,49.05,35,0,10.36,clear sky
250,Si Racha,TH,13.1737,100.9311,88.03,72,66,7.23,broken clouds
251,Abu Road,IN,24.4833,72.7833,74.97,69,0,4.47,clear sky
252,Yamada,JP,39.4667,141.95,50.61,50,1,5.44,clear sky
253,Katangli,RU,51.7102,143.2326,30.67,89,100,14.27,overcast clouds
254,Vilcun,CL,-38.65,-72.2333,52.84,76,17,2.15,few clouds
255,Meru,KE,0.0463,37.6559,62.78,83,100,2.26,overcast clouds
256,Raudeberg,NO,61.9875,5.1352,44.87,71,100,11.07,overcast clouds
257,Hithadhoo,MV,-0.6,73.0833,83.21,64,85,7.0,overcast clouds
258,Lucea,JM,18.451,-78.1736,69.66,76,12,4.92,light rain
259,Victoria,HK,22.2855,114.1577,72.18,82,100,11.01,overcast clouds
260,Cuajinicuilapa,MX,16.4667,-98.4167,85.93,47,22,8.23,few clouds
261,Bay Saint Louis,US,30.3088,-89.33,82.47,73,0,5.75,clear sky
262,Lar,IN,26.2039,83.9717,81.88,14,11,1.36,few clouds
263,Haines Junction,CA,60.7522,-137.5108,40.95,36,100,5.75,overcast clouds
264,Wattegama,LK,6.7989,81.4808,74.62,97,74,3.71,broken clouds
265,Fort Nelson,CA,58.8053,-122.7002,18.99,79,100,14.97,light snow
266,Antalaha,MG,-14.9003,50.2788,72.54,85,0,6.71,clear sky
267,Khorramshahr,IR,30.4397,48.1664,73.36,28,0,11.5,clear sky
268,Honningsvag,NO,70.9821,25.9704,38.95,87,100,33.38,overcast clouds
269,Plyussa,RU,58.4308,29.3654,27.48,86,74,3.89,broken clouds
270,Port-Gentil,GA,-0.7193,8.7815,81.01,80,100,5.14,light rain
271,Kavieng,PG,-2.5744,150.7967,83.79,74,36,9.82,light rain
272,Doha,QA,25.2867,51.5333,80.58,45,0,11.5,clear sky
273,Pisco,PE,-13.7,-76.2167,65.01,82,0,17.27,clear sky
274,Fairbanks,US,64.8378,-147.7164,35.56,32,0,14.97,clear sky
275,Carballo,ES,43.213,-8.691,56.55,90,80,3.02,broken clouds
276,Vardo,NO,70.3705,31.1107,38.75,83,100,28.07,overcast clouds
277,Ketchikan,US,55.3422,-131.6461,50.47,25,20,0.0,few clouds
278,Bongandanga,CD,1.5,21.05,71.42,90,86,2.77,overcast clouds
279,Hermagor,AT,46.6272,13.3672,35.1,85,8,5.7,clear sky
280,Chuy,UY,-33.6971,-53.4616,59.61,82,38,6.58,scattered clouds
281,Coihaique,CL,-45.5752,-72.0662,46.35,81,0,4.61,clear sky
282,Faanui,PF,-16.4833,-151.75,81.37,72,7,12.37,clear sky
283,Port Keats,AU,-14.25,129.55,84.09,66,28,8.32,scattered clouds
284,Skovorodino,RU,53.9833,123.9167,32.31,41,26,7.0,scattered clouds
285,Nurobod,UZ,40.9056,69.8023,67.51,27,100,5.61,overcast clouds
286,Touros,BR,-5.1989,-35.4608,79.21,84,87,6.26,overcast clouds
287,Westport,US,41.1415,-73.3579,54.9,75,100,17.27,overcast clouds
288,Stawell,AU,-37.05,142.7667,70.61,37,80,16.02,broken clouds
289,Mount Isa,AU,-20.7333,139.5,85.77,19,10,10.36,clear sky
290,La Roda,ES,39.2167,-2.15,60.91,52,2,7.72,clear sky
291,Edd,ER,13.9297,41.6925,81.72,78,76,0.43,broken clouds
292,Kabalo,CD,-6.05,26.9167,69.08,95,84,1.25,broken clouds
293,Boysun,UZ,38.2061,67.1986,61.09,42,99,1.99,overcast clouds
294,Ranghulu,CN,46.65,124.8667,43.09,27,48,11.59,scattered clouds
295,Namatanai,PG,-3.6667,152.4333,83.48,73,99,5.55,light rain
296,Yanam,IN,16.7333,82.2167,77.99,97,36,2.89,scattered clouds
297,Nikolskoye,RU,59.7035,30.7861,33.8,81,81,3.18,broken clouds
298,Moberly,US,39.4184,-92.4382,51.42,42,0,5.75,clear sky
299,Benguela,AO,-12.5763,13.4055,77.14,86,100,0.13,light rain
300,Santo Amaro Da Imperatriz,BR,-27.6881,-48.7786,66.09,91,2,3.58,clear sky
301,Narsaq,GL,60.9167,-46.05,35.82,87,6,3.38,clear sky
302,Murliganj,IN,25.9,86.9833,76.96,75,39,11.95,scattered clouds
303,Flagstaff,US,35.1981,-111.6513,67.51,14,0,27.63,clear sky
304,Ponta Do Sol,PT,32.6667,-17.1,72.23,35,100,6.93,overcast clouds
305,Xiaolingwei,CN,32.0333,118.85,53.58,54,34,4.36,scattered clouds
306,Sangar,RU,63.9242,127.4739,13.32,92,100,1.19,overcast clouds
307,Linxia,CN,35.6003,103.2064,35.76,80,100,3.98,light rain
308,Flin Flon,CA,54.7682,-101.865,28.06,60,100,3.56,overcast clouds
309,Mackay,AU,-21.15,149.2,81.68,69,16,14.97,few clouds
310,Saint Anthony,US,45.0205,-93.218,39.88,37,0,12.66,clear sky
311,Tabou,CI,4.423,-7.3528,78.24,86,94,3.78,moderate rain
312,Deputatskiy,RU,69.3,139.9,8.94,90,100,3.6,overcast clouds
313,Kodiak,US,57.79,-152.4072,40.51,75,100,16.11,overcast clouds
314,Pignon,HT,19.3333,-72.1167,68.56,91,100,3.09,overcast clouds
315,Provideniya,RU,64.3833,-173.3,32.76,92,93,11.97,light snow
316,Labuan,MY,5.2767,115.2417,82.76,83,20,3.44,few clouds
317,Broome,US,42.2506,-75.833,42.89,81,100,1.99,overcast clouds
318,Xining,CN,36.6167,101.7667,34.99,83,99,2.73,overcast clouds
319,Portland,US,45.5234,-122.6762,53.46,62,75,8.99,broken clouds
320,Sirjan,IR,29.452,55.6814,60.8,40,46,2.35,scattered clouds
321,Shirokiy,RU,49.758,129.523,36.5,66,50,15.3,scattered clouds
322,Temir,KZ,49.1414,57.13,45.25,79,44,2.93,scattered clouds
323,La Rioja,ES,42.25,-2.5,42.58,73,0,5.21,clear sky
324,Moron,AR,-34.6534,-58.6198,65.97,77,69,6.42,broken clouds
325,Bonavista,CA,48.6499,-53.1147,40.05,74,23,20.04,few clouds
326,Celestun,MX,20.8667,-90.4,80.53,77,4,16.49,clear sky
327,Tatawin,TN,32.9297,10.4518,55.81,59,33,5.14,scattered clouds
328,Ladario,BR,-19.0047,-57.6017,73.42,60,12,4.74,few clouds
329,Cuamba,MZ,-14.8031,36.5372,66.47,98,1,2.89,clear sky
330,Dukat,RU,62.55,155.55,16.88,88,100,7.63,overcast clouds
331,Yulara,AU,-25.2406,130.9889,76.84,44,6,11.5,clear sky
332,Apiai,BR,-24.5094,-48.8425,51.44,99,24,2.66,few clouds
333,Magadan,RU,59.5667,150.8,29.53,66,14,3.65,few clouds
334,Chase,CA,50.8165,-119.6857,52.68,33,95,5.44,overcast clouds
335,Mantua,IT,45.1667,10.7833,54.64,72,30,7.0,scattered clouds
336,Salina,US,38.8403,-97.6114,53.73,30,0,11.5,clear sky
337,Khani,GE,41.9563,42.9566,42.37,74,1,7.27,clear sky
338,Lichtenburg,ZA,-26.152,26.1597,54.63,92,100,10.96,light rain
339,Mar Del Plata,AR,-38.0023,-57.5575,64.09,94,0,11.99,clear sky
340,Mokhsogollokh,RU,61.4681,128.9203,23.99,75,72,4.16,broken clouds
341,Hambantota,LK,6.1241,81.1185,79.14,100,75,4.61,broken clouds
342,Astana,KZ,51.1801,71.446,51.75,62,20,8.95,few clouds
343,Barranca,PE,-10.75,-77.7667,66.11,83,99,10.0,overcast clouds
344,Gizo,SB,-8.103,156.8419,81.57,76,100,5.84,moderate rain
345,Tura,IN,25.5198,90.2201,70.25,93,40,7.11,scattered clouds
346,Evensk,RU,61.95,159.2333,31.17,75,100,6.76,overcast clouds
347,Fortuna,US,40.5982,-124.1573,52.99,62,20,12.66,few clouds
348,Iracoubo,GF,5.4802,-53.2011,77.94,87,89,10.56,overcast clouds
349,Tirschenreuth,DE,49.8825,12.3331,35.8,82,41,2.42,scattered clouds
350,Glyadyanskoye,RU,54.9075,65.0883,37.04,84,31,7.83,scattered clouds
351,Vilyuysk,RU,63.7553,121.6247,22.23,89,90,5.39,overcast clouds
352,Smithers,CA,54.7804,-127.1743,48.52,17,20,5.75,few clouds
353,Poum,NC,-20.2333,164.0167,78.37,68,4,7.67,clear sky
354,Sola,VU,-13.8833,167.55,88.47,74,20,4.61,few clouds
355,San Quintin,MX,30.4833,-115.95,63.52,69,0,22.32,clear sky
356,Sinnamary,GF,5.3833,-52.95,77.94,87,94,10.94,overcast clouds
357,Isangel,VU,-19.55,169.2667,86.11,79,40,2.3,scattered clouds
358,Price,US,39.5994,-110.8107,51.12,66,100,18.41,overcast clouds
359,Berlevag,NO,70.8578,29.0864,37.2,89,100,32.48,overcast clouds
360,Naze,JP,28.3667,129.4833,65.32,58,87,9.86,overcast clouds
361,Dekar,BW,-21.5333,21.9333,65.1,85,70,11.16,broken clouds
362,Cedar City,US,37.6775,-113.0619,59.97,25,100,21.85,overcast clouds
363,San Patricio,US,28.017,-97.5169,84.29,74,97,13.38,overcast clouds
364,Preobrazheniye,RU,42.9019,133.9064,46.96,38,62,6.26,broken clouds
365,Carcassonne,FR,43.25,2.1667,64.22,79,0,9.22,clear sky
366,Norman Wells,CA,65.282,-126.8329,17.64,35,0,4.61,clear sky
367,Newport,GB,51.5877,-2.9984,54.52,74,94,1.88,overcast clouds
368,Asau,RO,46.4333,26.4,38.32,90,100,7.83,overcast clouds
369,Smoky Lake,CA,54.1169,-112.4686,28.42,82,100,8.7,overcast clouds
370,Basoko,CD,1.2391,23.616,71.2,96,99,3.27,overcast clouds
371,Orotukan,RU,62.2667,151.7,16.74,86,100,5.44,overcast clouds
372,Nekrasovka,RU,48.3525,135.2325,33.82,93,100,15.66,overcast clouds
373,Inirida,CO,3.8653,-67.9239,72.84,94,97,2.35,overcast clouds
374,Denpasar,ID,-8.65,115.2167,82.06,88,20,1.14,few clouds
375,Puerto Castilla,HN,16.0167,-85.9667,84.15,70,20,3.44,few clouds
376,Ayagoz,KZ,47.9714,80.4392,47.55,27,0,6.49,clear sky
377,Disraeli,CA,45.9001,-71.3491,34.03,76,100,1.9,overcast clouds
378,Xambioa,BR,-6.4111,-48.5364,74.21,95,40,2.13,scattered clouds
379,Nyurba,RU,63.2842,118.3319,27.73,80,100,10.02,overcast clouds
380,Jhang,PK,33.6748,72.6963,73.62,28,100,4.81,overcast clouds
381,Baicheng,CN,45.6167,122.8167,50.31,18,15,10.31,few clouds
382,Zhuhai,CN,22.2769,113.5678,69.51,78,40,13.8,scattered clouds
383,Charters Towers,AU,-20.1,146.2667,78.94,46,91,12.21,overcast clouds
384,Kununurra,AU,-15.7667,128.7333,85.98,70,38,3.44,scattered clouds
385,Sambava,MG,-14.2667,50.1667,72.99,87,5,8.7,clear sky
386,Vestmanna,FO,62.1564,-7.1664,45.52,100,100,17.27,moderate rain
387,Barcelona,ES,41.3888,2.159,64.54,77,0,3.44,clear sky
388,Muzhi,RU,65.3667,64.6667,13.69,81,90,10.22,overcast clouds
389,Nishihara,JP,26.1842,127.7558,67.28,64,100,9.22,overcast clouds
390,Iqaluit,CA,63.7506,-68.5145,10.13,78,75,4.61,broken clouds
391,Palmer,US,42.1584,-72.3287,46.24,83,100,6.91,overcast clouds
392,Bonthe,SL,7.5264,-12.505,77.79,80,20,4.63,few clouds
393,Havre-Saint-Pierre,CA,50.2334,-63.5986,35.6,80,0,11.5,clear sky
394,Damghan,IR,36.1683,54.348,49.98,72,72,6.2,light rain
395,Rafaela,AR,-31.2503,-61.4867,62.01,65,27,4.81,scattered clouds
396,Papara,BR,-3.9839,-38.7273,81.0,96,41,0.4,scattered clouds
397,Kaeo,NZ,-35.1,173.7833,68.32,84,100,18.63,light rain
398,Arlit,NE,18.7369,7.3853,74.97,12,89,8.97,overcast clouds
399,Kijang,KR,35.2442,129.2139,58.73,29,0,4.25,clear sky
400,Pachmarhi,IN,22.4667,78.4333,73.94,21,4,3.96,clear sky
401,Itaguai,BR,-22.8522,-43.7753,72.68,78,40,4.61,scattered clouds
402,Lawrenceburg,US,38.0373,-84.8966,63.18,36,0,9.22,clear sky
403,Machico,PT,32.7,-16.7667,72.23,46,20,14.97,few clouds
404,Beidao,CN,34.5686,105.8933,45.0,80,100,7.52,overcast clouds
405,Balykshi,KZ,47.0667,51.8667,41.0,100,75,2.24,fog
406,Hamilton,US,39.1834,-84.5333,56.73,38,0,18.41,clear sky
407,Kisangani,CD,0.5167,25.2,68.97,97,100,2.39,overcast clouds
408,Tasiilaq,GL,65.6145,-37.6368,35.76,97,100,10.76,light rain
409,Laguna,US,38.421,-121.4238,71.11,54,0,16.11,clear sky
410,Paamiut,GL,61.994,-49.6678,22.96,85,7,10.54,clear sky
411,Waspan,NI,14.7419,-83.9717,77.59,76,72,6.17,broken clouds
412,Mahalapye,BW,-23.1041,26.8142,62.02,86,100,12.12,overcast clouds
413,Leshukonskoye,RU,64.8989,45.7622,25.27,96,100,6.15,overcast clouds
414,Vadgaon,IN,20.9402,74.8712,81.82,30,0,7.36,clear sky
415,Conceicao Do Araguaia,BR,-8.2578,-49.2647,73.22,95,100,1.9,overcast clouds
416,Homer,US,59.6425,-151.5483,43.03,56,100,9.22,overcast clouds
417,Arona,ES,28.0996,-16.681,70.02,82,0,9.22,clear sky
418,Erdenet,MN,49.0333,104.0833,40.46,44,91,3.42,overcast clouds
419,Hvide Sande,DK,56.0045,8.1294,42.64,67,40,7.34,scattered clouds
420,Ustka,PL,54.5805,16.8619,39.0,61,97,3.09,overcast clouds
421,Nakhon Nayok,TH,14.1667,101.1,85.33,65,23,8.14,few clouds
422,Alofi,NU,-19.0595,-169.9187,87.69,66,31,6.91,scattered clouds
423,Cabra,ES,37.4725,-4.4421,61.54,56,2,1.97,clear sky
424,Kamaishi,JP,39.2667,141.8833,50.94,51,0,7.36,clear sky
425,Shache,CN,38.4167,77.2406,54.05,26,0,7.78,clear sky
426,Luderitz,NA,-26.6481,15.1594,62.15,60,0,11.54,clear sky
427,Puerto Penasco,MX,31.3167,-113.5333,71.91,77,0,7.0,clear sky
428,Mehamn,NO,71.0357,27.8492,37.42,90,100,31.09,overcast clouds
429,Ilhabela,BR,-23.7781,-45.3581,67.39,84,12,4.0,few clouds
430,Acurenam,GQ,1.0322,10.6488,68.31,99,63,2.57,broken clouds
431,Reconquista,AR,-29.15,-59.65,59.02,86,44,6.02,scattered clouds
432,Kargopol,RU,61.5071,38.9456,21.38,96,83,2.57,broken clouds
433,Erzin,TR,36.9559,36.2,58.53,52,8,3.69,clear sky
434,Zeya,RU,53.75,127.2667,38.59,43,9,5.48,clear sky
435,Lagoa,PT,39.05,-27.9833,58.5,74,0,14.29,clear sky
436,Coquimbo,CL,-29.9533,-71.3436,57.27,87,53,2.62,broken clouds
437,Buchanan,LR,5.8808,-10.0467,78.22,87,98,1.81,moderate rain
438,Mount Gambier,AU,-37.8333,140.7667,73.31,33,75,18.41,broken clouds
439,Arroyo,ES,41.6096,-4.7969,54.14,71,0,9.22,clear sky
440,Puerto Escondido,MX,15.85,-97.0667,86.83,66,75,9.22,broken clouds
441,Kilindoni,TZ,-7.9139,39.6668,81.36,80,49,14.32,light rain
442,Havoysund,NO,70.9963,24.6622,39.43,91,100,29.04,overcast clouds
443,Avarua,CK,-21.2078,-159.775,84.25,74,40,10.36,scattered clouds
444,Atambua,ID,-9.1061,124.8925,81.46,69,82,1.57,broken clouds
445,Ishigaki,JP,24.3448,124.1572,71.73,73,75,12.66,broken clouds
446,Naryan-Mar,RU,67.6713,53.087,15.26,96,100,6.49,overcast clouds
447,Pitimbu,BR,-7.4706,-34.8086,81.19,83,59,8.05,broken clouds
448,Port Hedland,AU,-20.3167,118.5667,84.25,45,10,8.05,clear sky
449,Kutum,SD,14.2,24.6667,72.52,10,13,1.83,few clouds
450,Kieta,PG,-6.2167,155.6333,82.54,78,93,4.23,light rain
451,Waipawa,NZ,-41.4122,175.5153,56.28,59,19,8.5,few clouds
452,Itarema,BR,-2.9248,-39.9167,77.74,85,77,5.86,moderate rain
453,Zaysan,KZ,47.4667,84.8667,49.87,24,0,2.1,clear sky
454,Camacha,PT,33.0833,-16.3333,60.22,82,20,11.5,few clouds
455,Mouzouras,GR,35.5333,24.15,59.0,94,75,9.22,broken clouds
456,Adelanto,US,34.5828,-117.4092,67.08,33,0,16.62,clear sky
457,Puri,IN,19.8,85.85,75.72,84,100,17.29,overcast clouds
458,Gap,FR,44.6667,6.0,37.83,56,17,2.15,few clouds
459,Hargeysa,SO,9.56,44.065,72.16,59,13,2.19,few clouds
460,Aktau,KZ,43.65,51.2,48.78,64,0,12.15,clear sky
461,Tucuman,AR,-26.8241,-65.2226,64.4,82,40,1.14,scattered clouds
462,Crestview,US,30.7621,-86.5705,74.91,79,75,8.99,moderate rain
463,Chara,RU,56.9064,118.2631,17.71,70,99,3.2,overcast clouds
464,Santiago Del Estero,AR,-27.7951,-64.2615,63.41,53,3,5.97,clear sky
465,San Rafael Del Sur,NI,11.8485,-86.4384,86.97,50,7,3.4,clear sky
466,Cortes,ES,41.9395,-1.4396,59.05,56,0,18.37,clear sky
467,Kralendijk,BQ,12.15,-68.2667,80.58,78,20,23.02,few clouds
468,Sorland,NO,67.667,12.6934,42.21,98,100,20.74,light rain
469,Karratha,AU,-20.7377,116.8463,89.55,37,11,4.36,few clouds
470,Ust-Kulom,RU,61.6864,53.6902,18.16,97,97,2.24,overcast clouds
471,Burnie,AU,-41.0667,145.9167,65.14,78,100,5.23,overcast clouds
472,Dayong,CN,25.0209,118.2898,64.83,53,79,3.67,broken clouds
473,Macheng,CN,31.1783,115.0319,59.76,58,97,1.12,overcast clouds
474,Ust-Tsilma,RU,65.441,52.1498,24.78,96,100,5.66,overcast clouds
475,Kuznechnoye,RU,61.12,29.8686,27.0,90,31,3.06,scattered clouds
476,Yushan,CN,31.3776,120.9543,60.98,47,100,4.23,overcast clouds
477,Kahului,US,20.8947,-156.47,78.82,57,40,10.36,scattered clouds
478,Yumen,CN,40.2833,97.2,44.55,26,0,6.15,clear sky
479,Bandraboua,YT,-12.7044,45.1223,82.08,71,6,11.63,clear sky
480,Diebougou,BF,10.9667,-3.25,79.38,55,100,1.68,overcast clouds
481,Dingle,PH,10.9995,122.6711,82.98,75,100,8.23,overcast clouds
482,Jega,NG,12.2175,4.3792,86.38,41,34,4.7,scattered clouds
483,Sayyan,YE,15.1718,44.3244,59.41,29,7,1.23,clear sky
484,Rocha,UY,-34.4833,-54.3333,54.28,90,0,1.86,clear sky
485,Hasaki,JP,35.7333,140.8333,57.6,54,100,9.26,overcast clouds
486,Kargil,IN,34.5667,76.1,29.55,52,1,2.42,clear sky
487,Pochutla,MX,15.7432,-96.4661,86.83,62,9,7.23,clear sky
488,Tiznit,MA,29.5833,-9.5,74.39,23,10,4.03,clear sky
489,Ust-Tarka,RU,55.5672,75.705,46.51,70,89,8.03,overcast clouds
490,Alice Springs,AU,-23.7,133.8833,83.75,21,100,8.05,overcast clouds
491,Kharp,RU,66.8014,65.8081,8.94,91,89,7.4,overcast clouds
492,Compiegne,FR,49.4179,2.8261,50.76,75,4,4.79,clear sky
493,Bonfim,BR,3.0833,-59.95,81.37,64,90,8.88,overcast clouds
494,Rio Gallegos,AR,-51.6226,-69.2181,46.45,93,0,9.22,clear sky
495,Santa Adelia,BR,-21.2428,-48.8042,58.77,78,0,8.01,clear sky
496,Waingapu,ID,-9.6567,120.2641,84.47,74,47,7.23,light rain
497,Gamba,GA,-2.65,10.0,76.46,92,48,2.93,light rain
498,Dolores,AR,-36.3132,-57.6792,55.44,92,96,6.29,overcast clouds
499,Abu Dhabi,AE,24.4667,54.3667,84.31,61,0,6.91,clear sky
500,Montepuez,MZ,-13.1256,38.9997,67.42,99,31,5.57,scattered clouds
501,Halifax,CA,44.6453,-63.5724,48.69,68,100,18.41,overcast clouds
502,Ojinaga,MX,29.5667,-104.4167,87.57,12,0,0.0,clear sky
503,Qarqin,AF,37.4185,66.0436,67.32,39,80,7.78,broken clouds
504,Praia Da Vitoria,PT,38.7333,-27.0667,59.25,88,40,9.53,scattered clouds
505,Soe,ID,-9.8607,124.284,77.9,65,58,3.96,broken clouds
506,Ixtapa,MX,20.7,-105.2,78.22,78,40,11.5,scattered clouds
507,Changtu,CN,42.7788,124.0955,57.13,25,99,5.1,overcast clouds
508,Emerald,AU,-23.5333,148.1667,77.34,44,0,10.36,clear sky
509,Male,MV,4.1748,73.5089,84.15,79,20,6.91,few clouds
510,Kargasok,RU,59.0556,80.8572,43.77,95,100,8.79,overcast clouds
511,Namibe,AO,-15.1961,12.1522,72.3,75,63,7.2,broken clouds
512,Galesong,ID,-5.3166,119.3661,75.22,78,34,7.72,moderate rain
513,Araouane,ML,18.9048,-3.5265,74.01,16,0,11.16,clear sky
514,Praya,CV,14.9215,-23.5087,69.8,81,30,11.92,scattered clouds
515,Quatre Cocos,MU,-20.2078,57.7625,76.08,83,69,13.58,light rain
516,Ternate,ID,0.8,127.4,83.32,75,60,5.79,broken clouds
517,Verkh-Usugli,RU,52.7,115.1667,33.78,36,100,3.04,overcast clouds
518,Olafsvik,IS,64.8945,-23.7142,43.92,97,100,12.26,light rain
519,Krasnoselkup,RU,65.7,82.4667,17.33,93,100,16.67,overcast clouds
520,Krasnoye,UA,49.9145,24.6134,29.98,95,12,6.96,few clouds
521,Ruteng,ID,-8.6136,120.4721,72.82,72,28,0.56,scattered clouds
522,Lumphat,KH,13.4878,106.9816,79.36,77,100,5.03,overcast clouds
523,Tilichiki,RU,60.4667,166.1,30.24,89,78,5.73,broken clouds
524,Sobolevo,RU,54.4299,31.8996,30.6,86,94,12.24,overcast clouds
525,Half Moon Bay,US,37.4636,-122.4286,65.53,67,0,16.11,clear sky
526,Gambela,ET,8.25,34.5833,74.41,84,100,4.27,overcast clouds
527,Port Lincoln,AU,-34.7333,135.8667,66.11,80,100,10.09,overcast clouds
528,Bud,US,39.447,-86.1758,53.55,40,12,10.74,few clouds
529,Kirkwood,US,38.5834,-90.4068,54.72,42,75,10.36,broken clouds
530,Sabha,LY,27.0377,14.4283,67.08,30,0,15.73,clear sky
531,Dunedin,NZ,-45.8742,170.5036,55.8,63,93,8.01,overcast clouds
532,Presidencia Roque Saenz Pena,AR,-26.7852,-60.4388,59.94,81,77,4.16,broken clouds
533,Bandarbeyla,SO,9.4942,50.8122,80.71,80,49,6.31,scattered clouds
534,Vila Velha,BR,-20.3297,-40.2925,75.15,78,0,14.0,clear sky
535,Yuzhnouralsk,RU,54.4418,61.2536,31.15,83,22,5.93,few clouds
536,Grindavik,IS,63.8424,-22.4338,46.35,100,75,13.8,broken clouds
537,Kamakwie,SL,9.5,-12.2333,77.4,63,11,5.77,few clouds
538,Khonsa,IN,27.0167,95.5667,67.23,81,12,1.3,few clouds
539,Guerrero Negro,MX,27.9769,-114.0611,62.58,75,64,22.5,broken clouds
540,Riyadh,SA,24.6877,46.7219,71.74,26,1,9.82,clear sky
541,Arrifes,PT,37.7667,-25.7,59.25,88,20,10.36,few clouds
542,Chicama,PE,-7.8447,-79.1469,63.14,79,43,5.64,scattered clouds
543,Huarmey,PE,-10.0681,-78.1522,67.71,83,99,10.11,overcast clouds
544,Marsa Matruh,EG,31.3525,27.2453,73.6,31,0,13.8,clear sky
545,Derzhavinsk,KZ,51.1,66.3167,46.67,73,97,7.76,overcast clouds
546,Achutupo,PA,9.2,-77.9833,79.52,86,97,8.5,overcast clouds
547,Taltal,CL,-25.4,-70.4833,62.55,74,0,4.07,clear sky
548,Penzance,GB,50.1186,-5.5371,50.68,88,95,13.91,overcast clouds
549,Saint-Pierre,RE,-21.3393,55.4781,76.68,78,0,12.66,clear sky
550,Grand Forks,US,47.9417,-97.4337,25.79,76,7,6.33,clear sky
551,Shitanjing,CN,39.2342,106.3439,45.23,35,48,24.63,scattered clouds
552,Ulagan,RU,50.6321,87.9563,38.82,55,0,2.71,clear sky
553,Alugan,PH,12.2188,125.4808,81.37,78,91,5.91,overcast clouds
554,Hobyo,SO,5.3505,48.5268,82.53,77,9,13.82,clear sky
555,Bergen,NO,60.392,5.328,43.21,76,0,9.22,clear sky
556,Lokosovo,RU,61.1333,74.8167,26.02,81,100,9.82,overcast clouds
557,Grand Gaube,MU,-20.0064,57.6608,77.38,87,71,5.99,broken clouds
558,Hami,CN,42.8,93.45,54.75,22,0,7.38,clear sky
559,Tautira,PF,-17.7333,-149.15,79.92,74,6,9.6,light rain
560,Taoudenni,ML,22.6783,-3.9836,75.36,22,0,13.06,clear sky
561,Businga,CD,3.3333,20.8833,71.62,88,76,2.35,broken clouds
562,Pangoa,PE,-12.1167,-73.0,71.33,86,99,1.79,overcast clouds
563,Oistins,BB,13.0667,-59.5333,78.89,78,75,18.41,broken clouds
564,Kemalpasa,TR,38.4262,27.4173,55.98,57,100,3.24,light rain
565,Aswan,EG,24.0934,32.907,79.9,13,0,4.61,clear sky
566,Port Lavaca,US,28.615,-96.6261,80.92,82,100,11.5,overcast clouds
567,Haflong,IN,25.1833,93.0333,72.27,78,11,3.51,few clouds
568,High Level,CA,58.5169,-117.136,28.51,64,100,17.27,light snow
569,Kristiansund,NO,63.1115,7.732,39.85,93,100,4.61,overcast clouds
570,Kamphaeng Phet,TH,16.25,99.5,86.9,49,5,1.52,clear sky
571,Leningradskiy,RU,69.3833,178.4167,13.64,88,96,9.17,overcast clouds
572,Kangaatsiaq,GL,68.3065,-53.4641,-2.7,96,40,6.04,scattered clouds
573,Hokitika,NZ,-42.7167,170.9667,63.23,56,100,3.02,overcast clouds
574,Niedernhausen,DE,50.15,8.3167,43.47,52,0,9.22,clear sky
575,Hanyang,CN,32.1371,105.5126,50.97,79,100,2.68,overcast clouds
576,Enid,US,36.3956,-97.8784,56.08,40,100,14.97,overcast clouds
577,Nova Olinda Do Norte,BR,-3.8881,-59.0942,75.4,96,100,1.92,overcast clouds
578,Kamenka,RU,51.3223,42.7678,50.5,79,100,11.43,overcast clouds
579,Santa Cruz,BO,-17.8,-63.1667,69.26,64,75,11.5,broken clouds
580,Sfantu Gheorghe,RO,45.8667,25.7833,37.92,94,100,7.52,overcast clouds
581,Vanimo,PG,-2.6741,141.3028,85.66,67,48,4.56,scattered clouds
582,Saposoa,PE,-6.934,-76.7716,77.22,79,100,2.08,overcast clouds
583,Madhipura,IN,25.9167,86.7833,79.56,69,28,13.71,scattered clouds
584,Santa Marta,CO,11.2408,-74.199,89.65,58,40,10.36,scattered clouds
585,Yaan,NG,7.3833,8.5667,79.16,73,94,4.61,light rain
586,Jeremie,HT,18.65,-74.1167,75.74,84,99,6.44,overcast clouds
587,Mezen,RU,65.8522,44.24,30.2,98,100,6.22,light snow
588,Inyonga,TZ,-6.7167,32.0667,62.22,95,100,3.71,overcast clouds
589,Kohlu,PK,29.8962,69.252,71.76,9,100,5.32,overcast clouds
590,Emilio Carranza,MX,19.9711,-96.6114,79.36,81,2,10.92,clear sky
591,Kozulka,UA,50.0351,23.797,30.16,88,12,7.36,few clouds
592,Almaznyy,RU,48.0448,40.045,47.37,80,100,6.08,overcast clouds
593,Shenjiamen,CN,29.9576,122.298,57.2,58,69,8.32,broken clouds
594,Merauke,ID,-8.4667,140.3333,82.74,74,100,4.45,overcast clouds
595,Ojhar,IN,20.1,73.9333,72.46,45,0,7.16,clear sky
596,Coos Bay,US,43.3665,-124.2179,51.24,78,20,13.8,few clouds
597,Klaksvik,FO,62.2266,-6.589,47.32,96,100,23.85,light rain
598,Porto Novo,BJ,6.4965,2.6036,80.1,81,100,4.88,overcast clouds
599,Teya,RU,60.3778,92.6267,41.29,96,100,9.86,overcast clouds
600,Oranmore,IE,53.2683,-8.92,51.76,96,100,9.66,overcast clouds
601,Aasiaat,GL,68.7098,-52.8699,-5.28,97,17,5.3,few clouds
602,Vao,NC,-22.6667,167.4833,76.69,70,0,7.9,clear sky
603,Xapuri,BR,-10.6517,-68.5044,74.21,83,71,2.37,broken clouds
604,Savinka,RU,50.0785,47.0994,51.22,66,100,7.38,overcast clouds
605,Pangnirtung,CA,66.1451,-65.7125,-0.9,92,100,6.42,overcast clouds
606,Santa Maria,BR,-29.6842,-53.8069,58.3,88,40,4.61,scattered clouds
607,Meadow Lake,US,34.8014,-106.5436,78.28,5,7,25.32,clear sky
608,Birin,NP,26.8865,88.0718,63.28,42,1,2.82,clear sky
609,College,US,64.8569,-147.8028,35.55,31,20,14.97,few clouds
610,Puerto Del Rosario,ES,28.5004,-13.8627,67.75,73,0,9.22,clear sky
611,Shubarshi,KZ,48.5872,57.1869,46.99,77,8,4.65,clear sky
612,Slave Lake,CA,55.2834,-114.769,35.58,48,100,11.5,overcast clouds
613,Walvis Bay,NA,-22.9575,14.5053,55.09,100,6,3.44,clear sky
614,Todos Santos,MX,23.45,-110.2167,69.44,71,100,7.72,overcast clouds
615,Sioux Lookout,CA,50.1001,-91.917,26.67,63,75,8.05,broken clouds
616,Igarka,RU,67.4667,86.5833,20.52,91,100,19.98,overcast clouds
617,Pangody,RU,65.85,74.4859,10.87,94,100,15.55,overcast clouds
618,Littleton,US,39.6133,-105.0166,57.45,33,75,10.36,broken clouds
619,Barcelos,PT,41.5388,-8.6151,57.92,91,91,1.45,overcast clouds
620,Boca Do Acre,BR,-8.7522,-67.3978,74.26,90,100,1.7,overcast clouds
621,Cividale Del Friuli,IT,46.0931,13.4275,48.09,55,0,6.58,clear sky
622,Chumikan,RU,54.7183,135.315,28.56,77,100,6.29,light snow
623,Nisia Floresta,BR,-6.0911,-35.2086,81.41,87,73,5.03,broken clouds
624,Somerset,US,40.5668,-74.5496,57.07,75,100,16.11,overcast clouds
625,Bindura,ZW,-17.3019,31.3306,61.41,90,43,2.82,scattered clouds
626,Darhan,MN,49.4867,105.9228,48.07,37,76,3.13,broken clouds
627,Wakkanai,JP,45.4094,141.6739,46.38,81,75,17.27,broken clouds
628,Khasan,RU,42.4308,130.6434,50.38,45,59,1.59,broken clouds
629,Shiloh,US,38.5614,-89.8973,54.75,40,0,8.05,clear sky
630,Richards Bay,ZA,-28.783,32.0377,63.3,89,100,6.82,overcast clouds
631,Paidha,UG,2.4167,30.9855,60.8,79,100,3.85,overcast clouds
632,Ekibastuz,KZ,51.6667,75.3667,57.4,53,100,4.23,overcast clouds
633,Den Helder,NL,52.9599,4.7593,49.98,69,11,7.0,few clouds
634,Terrace Bay,CA,48.7834,-87.1,25.74,83,100,8.66,overcast clouds
635,Gunjur,GM,13.2019,-16.7339,68.11,84,11,16.26,few clouds
636,Tessalit,ML,20.1986,1.0114,71.56,22,100,10.45,overcast clouds
637,Mwense,ZM,-10.3845,28.698,65.34,97,100,3.18,light rain
638,Bathsheba,BB,13.2167,-59.5167,79.41,78,75,18.41,broken clouds
639,Hanzhong,CN,33.0728,107.0303,53.01,65,100,0.29,overcast clouds
640,Kartarpur,IN,31.44,75.4997,75.0,26,4,4.05,clear sky
641,Juneau,US,58.3019,-134.4197,44.83,56,100,4.61,overcast clouds
642,Seagoville,US,32.6396,-96.5383,66.76,77,75,13.8,broken clouds
643,Jaque,PA,7.5175,-78.1703,79.23,86,100,5.23,light rain
644,Buala,SB,-8.145,159.5921,82.54,74,85,3.51,light rain
645,Areosa,PT,41.7178,-8.8571,54.63,88,93,4.65,overcast clouds
646,Tortosa,ES,40.8125,0.5216,61.43,50,0,9.84,clear sky
647,Tammisaari,FI,59.9736,23.4339,32.9,85,21,4.63,few clouds
648,Kalmunai,LK,7.4167,81.8167,78.78,88,11,9.6,few clouds
649,Yar-Sale,RU,66.8333,70.8333,11.62,87,100,14.41,overcast clouds
650,Talcahuano,CL,-36.7167,-73.1167,53.82,81,2,3.0,clear sky
651,Ceyhan,TR,37.0247,35.8175,51.64,60,2,3.38,clear sky
652,Trincomalee,LK,8.5711,81.2335,79.65,85,64,6.69,broken clouds
653,Skowhegan,US,44.7651,-69.7192,44.38,95,100,2.55,moderate rain
654,Margate,GB,51.3813,1.3862,51.31,83,90,1.01,overcast clouds
655,Srednekolymsk,RU,67.45,153.6833,17.11,87,100,6.89,overcast clouds
656,Gamboula,CF,4.1178,15.1393,71.6,79,11,2.68,few clouds
657,Paka,MY,4.6374,103.4368,80.53,89,40,0.0,thunderstorm
658,Flinders,AU,-34.5833,150.8552,75.06,65,3,10.0,clear sky
659,Bistret,RO,43.9,23.5,51.76,72,100,10.13,overcast clouds
660,Zlobin,HR,45.2924,14.6541,42.1,45,20,16.11,few clouds
661,Visnes,NO,59.3556,5.2242,41.05,81,100,9.22,overcast clouds
662,Abu Samrah,SY,35.3029,37.1841,58.14,42,0,2.64,clear sky
663,Bubaque,GW,11.2833,-15.8333,75.18,73,15,25.1,few clouds
664,Tutoia,BR,-2.7619,-42.2744,78.67,83,100,4.47,overcast clouds
665,Aracati,BR,-4.5617,-37.7697,78.13,86,33,7.0,scattered clouds
666,Black Forest,US,39.0131,-104.7008,48.74,38,0,26.46,clear sky
667,Bilibino,RU,68.0546,166.4372,21.58,81,97,2.1,overcast clouds
668,Lichinga,MZ,-13.3128,35.2406,64.49,100,75,11.5,broken clouds
669,Muncar,ID,-8.4333,114.3333,81.93,79,100,2.13,overcast clouds
670,Pakxan,LA,18.3778,103.6601,78.26,79,100,2.51,light rain
671,Kenora,CA,49.8167,-94.4337,29.37,40,20,5.75,few clouds
672,Taunggyi,MM,20.7833,97.0333,71.37,58,12,3.65,few clouds
673,Peno,RU,56.9262,32.7426,25.07,96,9,5.93,clear sky
674,Marshfield,US,44.6689,-90.1718,36.48,48,100,16.11,overcast clouds
675,Hirara,JP,24.8,125.2833,71.87,68,75,10.36,broken clouds
676,Anloga,GH,5.7947,0.8973,82.33,78,68,10.83,broken clouds
677,Trairi,BR,-3.2778,-39.2689,77.47,84,89,3.69,overcast clouds
678,Palotina,BR,-24.2839,-53.84,61.56,74,0,2.39,clear sky
679,Ambon,ID,-3.6954,128.1814,86.14,74,20,6.91,few clouds
680,Guiglo,CI,6.5456,-7.4966,72.25,98,100,1.66,overcast clouds
681,Port Hawkesbury,CA,45.6169,-61.3485,52.72,63,0,14.97,clear sky
682,San Esteban,HN,15.2,-85.75,90.5,69,18,4.63,few clouds
683,Jaguarao,BR,-32.5661,-53.3758,57.42,83,2,5.35,clear sky
684,Wewak,PG,-3.5534,143.6268,85.96,65,54,3.87,broken clouds
685,Savannakhet,LA,16.566,104.751,80.58,71,48,7.76,scattered clouds
686,Porbandar,IN,21.6422,69.6093,79.25,72,0,9.19,clear sky
687,San Borja,BO,-14.8167,-66.85,70.9,71,48,3.78,scattered clouds
688,Muroto,JP,33.2833,134.15,58.78,48,95,3.42,overcast clouds
689,Sena Madureira,BR,-9.0656,-68.6569,74.34,84,28,1.95,scattered clouds
690,Upata,VE,8.0086,-62.3989,73.92,79,88,7.4,overcast clouds
691,Lewistown,US,40.5992,-77.5714,50.72,90,75,14.97,broken clouds
692,Korla,CN,41.7597,86.1469,52.07,13,0,1.81,clear sky
